{
  "hash": "cfbc41a9",
  "configHash": "038d3357",
  "lockfileHash": "6fe195a6",
  "browserHash": "d6e4eca2",
  "optimized": {
    "@angular/core": {
      "src": "../../../../../../node_modules/@angular/core/fesm2022/core.mjs",
      "file": "@angular_core.js",
      "fileHash": "f4d570e2",
      "needsInterop": false
    },
    "@angular/forms": {
      "src": "../../../../../../node_modules/@angular/forms/fesm2022/forms.mjs",
      "file": "@angular_forms.js",
      "fileHash": "286ac8e8",
      "needsInterop": false
    },
    "@angular/platform-browser": {
      "src": "../../../../../../node_modules/@angular/platform-browser/fesm2022/platform-browser.mjs",
      "file": "@angular_platform-browser.js",
      "fileHash": "1871ecb0",
      "needsInterop": false
    },
    "@angular/router": {
      "src": "../../../../../../node_modules/@angular/router/fesm2022/router.mjs",
      "file": "@angular_router.js",
      "fileHash": "f06e1b2f",
      "needsInterop": false
    }
  },
  "chunks": {
    "chunk-7MSZRDBZ": {
      "file": "chunk-7MSZRDBZ.js"
    },
    "chunk-EUT2WE6X": {
      "file": "chunk-EUT2WE6X.js"
    },
    "chunk-XPARGKCT": {
      "file": "chunk-XPARGKCT.js"
    }
  }
}