{
  "hash": "d13d1061",
  "configHash": "9810d2db",
  "lockfileHash": "4351f5ae",
  "browserHash": "8d396a2d",
  "optimized": {
    "@angular/core": {
      "src": "../../../../../../node_modules/@angular/core/fesm2022/core.mjs",
      "file": "@angular_core.js",
      "fileHash": "f3deb42e",
      "needsInterop": false
    },
    "@angular/forms": {
      "src": "../../../../../../node_modules/@angular/forms/fesm2022/forms.mjs",
      "file": "@angular_forms.js",
      "fileHash": "83bc9a08",
      "needsInterop": false
    },
    "@angular/platform-browser": {
      "src": "../../../../../../node_modules/@angular/platform-browser/fesm2022/platform-browser.mjs",
      "file": "@angular_platform-browser.js",
      "fileHash": "dcaaf484",
      "needsInterop": false
    },
    "@angular/router": {
      "src": "../../../../../../node_modules/@angular/router/fesm2022/router.mjs",
      "file": "@angular_router.js",
      "fileHash": "9f949197",
      "needsInterop": false
    }
  },
  "chunks": {
    "chunk-7MSZRDBZ": {
      "file": "chunk-7MSZRDBZ.js"
    },
    "chunk-EUT2WE6X": {
      "file": "chunk-EUT2WE6X.js"
    },
    "chunk-XPARGKCT": {
      "file": "chunk-XPARGKCT.js"
    }
  }
}