{
  "hash": "2f11d3a8",
  "configHash": "fa6c5b9c",
  "lockfileHash": "69a5391e",
  "browserHash": "64dfcd50",
  "optimized": {
    "@angular/core": {
      "src": "../../../../../../node_modules/@angular/core/fesm2022/core.mjs",
      "file": "@angular_core.js",
      "fileHash": "8393a306",
      "needsInterop": false
    },
    "@angular/forms": {
      "src": "../../../../../../node_modules/@angular/forms/fesm2022/forms.mjs",
      "file": "@angular_forms.js",
      "fileHash": "385c9c4e",
      "needsInterop": false
    },
    "@angular/platform-browser": {
      "src": "../../../../../../node_modules/@angular/platform-browser/fesm2022/platform-browser.mjs",
      "file": "@angular_platform-browser.js",
      "fileHash": "b4497406",
      "needsInterop": false
    },
    "@angular/router": {
      "src": "../../../../../../node_modules/@angular/router/fesm2022/router.mjs",
      "file": "@angular_router.js",
      "fileHash": "4c00c81c",
      "needsInterop": false
    }
  },
  "chunks": {
    "chunk-7MSZRDBZ": {
      "file": "chunk-7MSZRDBZ.js"
    },
    "chunk-EUT2WE6X": {
      "file": "chunk-EUT2WE6X.js"
    },
    "chunk-XPARGKCT": {
      "file": "chunk-XPARGKCT.js"
    }
  }
}